{
  "model": "Two-Stage-EloOnly (C1=0.3, C2=1.0)",
  "log_loss_mean": 0.820098947549269,
  "log_loss_std": 0.08936886907822175,
  "description": "Out-of-fold probabilities from Two-Stage-EloOnly (untuned C1=0.3, C2=1.0). Use for ensemble/significance testing. Class order: [H=0, D=1, A=2].",
  "match_ids": [
    1,
    2,
    3,
    4,
    5,
    6,
    7,
    8,
    9,
    10,
    11,
    12,
    13,
    14,
    15,
    16,
    17,
    18,
    19,
    20,
    21,
    22,
    23,
    24,
    25,
    26,
    27,
    28,
    29,
    30,
    31,
    32,
    33,
    34,
    35,
    36,
    37,
    38,
    39,
    40,
    41,
    42,
    43,
    44,
    45,
    46,
    47,
    48,
    49,
    50,
    51,
    52,
    53,
    54,
    55,
    56,
    57,
    58,
    59,
    60,
    61,
    62,
    63,
    64
  ],
  "oof_probs": [
    [
      0.6077789970669323,
      0.36394731011701276,
      0.028273692816055095
    ],
    [
      0.5890646376395862,
      0.2723536735023779,
      0.13858168885803596
    ],
    [
      0.7336365907914777,
      0.22514062110962452,
      0.04122278809889779
    ],
    [
      0.598432348024836,
      0.35576064145620007,
      0.04580701051896394
    ],
    [
      0.17535475367615616,
      0.19425487051052343,
      0.6303903758133205
    ],
    [
      0.6281001244357398,
      0.2819877136708429,
      0.08991216189341736
    ],
    [
      0.26950819337134996,
      0.2261653024989616,
      0.5043265041296885
    ],
    [
      0.5464551875275668,
      0.2643380186336658,
      0.18920679383876726
    ],
    [
      0.6039763301499039,
      0.3918340341246456,
      0.004189635725450518
    ],
    [
      0.6211685307148751,
      0.2821773541214286,
      0.0966541151636963
    ],
    [
      0.34753220286738484,
      0.2413540593826709,
      0.41111373774994436
    ],
    [
      0.6225359631292575,
      0.28246335450402643,
      0.09500068236671604
    ],
    [
      0.6584029253820214,
      0.3380695250588107,
      0.003527549559167871
    ],
    [
      0.6511795741090854,
      0.31188069123327106,
      0.03693973465764342
    ],
    [
      0.12086077048836805,
      0.18258350745172455,
      0.6965557220599075
    ],
    [
      0.650457006202841,
      0.3352544916321475,
      0.01428850216501156
    ],
    [
      0.6543786608871038,
      0.31938773936156306,
      0.026233599751333055
    ],
    [
      0.3391388838341772,
      0.23138933780296528,
      0.42947177836285755
    ],
    [
      0.6345154530555929,
      0.3581568795108009,
      0.0073276674336062095
    ],
    [
      0.6496540907542249,
      0.31700034565207963,
      0.033345563593695476
    ],
    [
      0.6451614435142867,
      0.34327360284253183,
      0.011564953643181419
    ],
    [
      0.6213443022112239,
      0.2886238330619279,
      0.09003186472684821
    ],
    [
      0.5511934331472266,
      0.2658599142523851,
      0.1829466526003884
    ],
    [
      0.09465130426141481,
      0.1903749034938556,
      0.7149737922447296
    ],
    [
      0.5594698564450192,
      0.2922719111540161,
      0.14825823240096458
    ],
    [
      0.6271868943740503,
      0.2961506019067374,
      0.07666250371921232
    ],
    [
      0.6507231807911029,
      0.3236853655540933,
      0.0255914536548039
    ],
    [
      0.6529202424338437,
      0.31093770367714474,
      0.03614205388901161
    ],
    [
      0.588719013564008,
      0.4084068134679554,
      0.0028741729680367184
    ],
    [
      0.2410735583390183,
      0.2256090903754402,
      0.5333173512855416
    ],
    [
      0.5994320137984448,
      0.31201530249035964,
      0.08855268371119558
    ],
    [
      0.6071225086321949,
      0.27553634735245935,
      0.11734114401534589
    ],
    [
      0.6422104090576595,
      0.3240393437508332,
      0.03375024719150741
    ],
    [
      0.6360363206851868,
      0.35337568877890085,
      0.01058799053591232
    ],
    [
      0.6403712535268318,
      0.3016434350015134,
      0.057985311471654824
    ],
    [
      0.29633458224859577,
      0.21864476315023018,
      0.485020654601174
    ],
    [
      0.630368374637438,
      0.28694390902782096,
      0.08268771633474108
    ],
    [
      0.22658348037047288,
      0.21345661731249047,
      0.5599599023170366
    ],
    [
      0.6058116431760159,
      0.39038314777813365,
      0.0038052090458505915
    ],
    [
      0.6389717778678993,
      0.3472152724352947,
      0.013812949696805937
    ],
    [
      0.5986074758227302,
      0.3984717459695634,
      0.0029207782077063996
    ],
    [
      0.43700289076030596,
      0.24726335346829492,
      0.3157337557713991
    ],
    [
      0.6348633237092798,
      0.35172775443015336,
      0.013408921860566891
    ],
    [
      0.3149481236261272,
      0.23283587607094186,
      0.45221600030293096
    ],
    [
      0.638588285000246,
      0.35163194257111313,
      0.00977977242864084
    ],
    [
      0.6387199197674216,
      0.34750982756589327,
      0.013770252666685223
    ],
    [
      0.6587415863715927,
      0.3307398956472954,
      0.010518517981111844
    ],
    [
      0.16106234592167537,
      0.21300672264012183,
      0.6259309314382028
    ],
    [
      0.4151164862150945,
      0.27467609440611346,
      0.3102074193787921
    ],
    [
      0.24658318502354692,
      0.22776592135699508,
      0.5256508936194579
    ],
    [
      0.49887766676609047,
      0.3006190835158294,
      0.20050324971808015
    ],
    [
      0.5720084931765542,
      0.27318365848586207,
      0.15480784833758374
    ],
    [
      0.1182317103074253,
      0.19781278210992922,
      0.6839555075826454
    ],
    [
      0.6275170869445277,
      0.3651087233881504,
      0.007374189667321822
    ],
    [
      0.24854869272534055,
      0.2742980874707885,
      0.47715321980387093
    ],
    [
      0.4500878673144687,
      0.24690998426927085,
      0.30300214841626044
    ],
    [
      0.38401670592523296,
      0.24841450350715966,
      0.3675687905676074
    ],
    [
      0.19789622953625025,
      0.21276058356060812,
      0.5893431869031416
    ],
    [
      0.15104700442859323,
      0.21267532765963004,
      0.6362776679117768
    ],
    [
      0.5952895459358164,
      0.2757118399026385,
      0.12899861416154518
    ],
    [
      0.04041619379184976,
      0.18366722985296285,
      0.7759165763551874
    ],
    [
      0.4055180728827602,
      0.230666190453032,
      0.3638157366642078
    ],
    [
      0.31067588954478315,
      0.22675287610377676,
      0.4625712343514401
    ],
    [
      0.5289548247355238,
      0.2549824608781732,
      0.21606271438630315
    ]
  ],
  "oof_labels": [
    0,
    0,
    1,
    0,
    1,
    1,
    2,
    0,
    0,
    1,
    0,
    0,
    1,
    1,
    1,
    1,
    0,
    2,
    0,
    0,
    1,
    0,
    0,
    2,
    0,
    1,
    0,
    0,
    0,
    2,
    0,
    2,
    0,
    1,
    0,
    2,
    1,
    2,
    0,
    1,
    0,
    0,
    0,
    2,
    0,
    0,
    1,
    2,
    2,
    0,
    0,
    0,
    2,
    0,
    0,
    1,
    0,
    2,
    2,
    1,
    2,
    1,
    2,
    1
  ],
  "class_order": [
    "H",
    "D",
    "A"
  ]
}